Calendar Name,Title,Start Date,End Date (incl.),Source,Source URL
VTAC key dates,VTAC ATARs released: IB (9am),2023-01-04,2023-01-04,"VTAC key dates page, 2023 cycle (Wayback snapshot, page updated 07 September 2022)",https://web.archive.org/web/20221010070238/https://www.vtac.edu.au/dates.html
VTAC key dates,VTAC applications open: January (10am),2023-01-04,2023-01-04,"VTAC key dates page, 2023 cycle (Wayback snapshot, page updated 07 September 2022)",https://web.archive.org/web/20221010070238/https://www.vtac.edu.au/dates.html
VTAC key dates,VTAC offers: Jan round 1 (2pm),2023-01-13,2023-01-13,"VTAC key dates page, 2023 cycle (Wayback snapshot, page updated 07 September 2022)",https://web.archive.org/web/20221010070238/https://www.vtac.edu.au/dates.html
VTAC key dates,VTAC applications close: January (5pm),2023-01-17,2023-01-17,"VTAC key dates page, 2023 cycle (Wayback snapshot, page updated 07 September 2022)",https://web.archive.org/web/20221010070238/https://www.vtac.edu.au/dates.html
VTAC key dates,VTAC preferences close: Feb round 1 (4pm),2023-01-19,2023-01-19,"VTAC key dates page, 2023 cycle (Wayback snapshot, page updated 07 September 2022)",https://web.archive.org/web/20221010070238/https://www.vtac.edu.au/dates.html
VTAC key dates,VTAC offers: Feb round 1 (2pm),2023-02-01,2023-02-01,"VTAC key dates page, 2023 cycle (Wayback snapshot, page updated 07 September 2022)",https://web.archive.org/web/20221010070238/https://www.vtac.edu.au/dates.html
VTAC key dates,VTAC preferences close: Feb round 2 (4pm),2023-02-02,2023-02-02,"VTAC key dates page, 2023 cycle (Wayback snapshot, page updated 07 September 2022)",https://web.archive.org/web/20221010070238/https://www.vtac.edu.au/dates.html
VTAC key dates,VTAC offers: Feb round 2 (2pm),2023-02-08,2023-02-08,"VTAC key dates page, 2023 cycle (Wayback snapshot, page updated 07 September 2022)",https://web.archive.org/web/20221010070238/https://www.vtac.edu.au/dates.html
VTAC key dates,VTAC preferences close: Feb round 3 (4pm),2023-02-09,2023-02-09,"VTAC key dates page, 2023 cycle (Wayback snapshot, page updated 07 September 2022)",https://web.archive.org/web/20221010070238/https://www.vtac.edu.au/dates.html
VTAC key dates,VTAC offers: Feb round 3 (2pm),2023-02-14,2023-02-14,"VTAC key dates page, 2023 cycle (Wayback snapshot, page updated 07 September 2022)",https://web.archive.org/web/20221010070238/https://www.vtac.edu.au/dates.html
VTAC key dates,VTAC preferences close: Feb round 4 (4pm),2023-02-15,2023-02-15,"VTAC key dates page, 2023 cycle (Wayback snapshot, page updated 07 September 2022)",https://web.archive.org/web/20221010070238/https://www.vtac.edu.au/dates.html
VTAC key dates,VTAC offers: Feb round 4 (2pm),2023-02-20,2023-02-20,"VTAC key dates page, 2023 cycle (Wayback snapshot, page updated 07 September 2022)",https://web.archive.org/web/20221010070238/https://www.vtac.edu.au/dates.html
VTAC key dates,VTAC mid-year applications open (9am),2023-04-03,2023-04-03,"VTAC key dates page, mid-year 2023 cycle (Wayback snapshot, page updated 05 June 2023)",https://web.archive.org/web/20230605233434/https://www.vtac.edu.au/dates.html
VTAC key dates,VTAC mid-year equity & scholarships open (9am),2023-04-03,2023-04-03,"VTAC key dates page, mid-year 2023 cycle (Wayback snapshot, page updated 05 June 2023)",https://web.archive.org/web/20230605233434/https://www.vtac.edu.au/dates.html
VTAC key dates,VTAC documents due: Jun round 1 & Jul round 1 (5pm),2023-06-09,2023-06-09,"VTAC key dates page, mid-year 2023 cycle (Wayback snapshot, page updated 05 June 2023)",https://web.archive.org/web/20230605233434/https://www.vtac.edu.au/dates.html
VTAC key dates,VTAC mid-year applications close (5pm),2023-06-09,2023-06-09,"VTAC key dates page, mid-year 2023 cycle (Wayback snapshot, page updated 05 June 2023)",https://web.archive.org/web/20230605233434/https://www.vtac.edu.au/dates.html
VTAC key dates,VTAC mid-year equity & scholarships close (5pm),2023-06-09,2023-06-09,"VTAC key dates page, mid-year 2023 cycle (Wayback snapshot, page updated 05 June 2023)",https://web.archive.org/web/20230605233434/https://www.vtac.edu.au/dates.html
VTAC key dates,VTAC preferences close: Jun round 1,2023-06-15,2023-06-15,"VTAC key dates page, mid-year 2023 cycle (Wayback snapshot, page updated 05 June 2023)",https://web.archive.org/web/20230605233434/https://www.vtac.edu.au/dates.html
VTAC key dates,VTAC offers: Jun round 1 (2pm),2023-06-27,2023-06-27,"VTAC key dates page, mid-year 2023 cycle (Wayback snapshot, page updated 05 June 2023)",https://web.archive.org/web/20230605233434/https://www.vtac.edu.au/dates.html
VTAC key dates,VTAC preferences close: Jul round 1 (2pm),2023-06-28,2023-06-28,"VTAC key dates page, mid-year 2023 cycle (Wayback snapshot, page updated 05 June 2023)",https://web.archive.org/web/20230605233434/https://www.vtac.edu.au/dates.html
VTAC key dates,VTAC offers: Jul round 1 (2pm),2023-07-04,2023-07-04,"VTAC key dates page, mid-year 2023 cycle (Wayback snapshot, page updated 05 June 2023)",https://web.archive.org/web/20230605233434/https://www.vtac.edu.au/dates.html
VTAC key dates,VTAC preferences close: Jul round 2 (2pm),2023-07-05,2023-07-05,"VTAC key dates page, mid-year 2023 cycle (Wayback snapshot, page updated 05 June 2023)",https://web.archive.org/web/20230605233434/https://www.vtac.edu.au/dates.html
VTAC key dates,VTAC offers: Jul round 2 (2pm),2023-07-11,2023-07-11,"VTAC key dates page, mid-year 2023 cycle (Wayback snapshot, page updated 05 June 2023)",https://web.archive.org/web/20230605233434/https://www.vtac.edu.au/dates.html
VTAC key dates,VTAC preferences close: Jul round 3 (2pm),2023-07-12,2023-07-12,"VTAC key dates page, mid-year 2023 cycle (Wayback snapshot, page updated 05 June 2023)",https://web.archive.org/web/20230605233434/https://www.vtac.edu.au/dates.html
VTAC key dates,VTAC offers: Jul round 3 (2pm),2023-07-17,2023-07-17,"VTAC key dates page, mid-year 2023 cycle (Wayback snapshot, page updated 05 June 2023)",https://web.archive.org/web/20230605233434/https://www.vtac.edu.au/dates.html
VTAC key dates,VTAC applications open (9am),2023-07-31,2023-07-31,"VTAC key dates page, 2024 cycle (Wayback snapshot, page updated 29 January 2024)",https://web.archive.org/web/20240202182425/https://vtac.edu.au/dates
VTAC key dates,VTAC equity & scholarships open (9am),2023-07-31,2023-07-31,"VTAC key dates page, 2024 cycle (Wayback snapshot, page updated 29 January 2024)",https://web.archive.org/web/20240202182425/https://vtac.edu.au/dates
VTAC key dates,VTAC applications close: Timely (5pm),2023-09-28,2023-09-28,"VTAC key dates page, 2024 cycle (Wayback snapshot, page updated 29 January 2024)",https://web.archive.org/web/20240202182425/https://vtac.edu.au/dates
VTAC key dates,VTAC documents due: Nov round (5pm),2023-09-28,2023-09-28,"VTAC key dates page, 2024 cycle (Wayback snapshot, page updated 29 January 2024)",https://web.archive.org/web/20240202182425/https://vtac.edu.au/dates
VTAC key dates,VTAC equity & scholarships close (5pm),2023-10-06,2023-10-06,"VTAC key dates page, 2024 cycle (Wayback snapshot, page updated 29 January 2024)",https://web.archive.org/web/20240202182425/https://vtac.edu.au/dates
VTAC key dates,VTAC preferences close: Nov round (4pm),2023-11-01,2023-11-01,"VTAC key dates page, 2024 cycle (Wayback snapshot, page updated 29 January 2024)",https://web.archive.org/web/20240202182425/https://vtac.edu.au/dates
VTAC key dates,VTAC applications close: Late (5pm),2023-11-03,2023-11-03,"VTAC key dates page, 2024 cycle (Wayback snapshot, page updated 29 January 2024)",https://web.archive.org/web/20240202182425/https://vtac.edu.au/dates
VTAC key dates,VTAC offers: Nov round (2pm),2023-11-20,2023-11-20,"VTAC key dates page, 2024 cycle (Wayback snapshot, page updated 29 January 2024)",https://web.archive.org/web/20240202182425/https://vtac.edu.au/dates
VTAC key dates,VTAC applications close: Very late (5pm),2023-12-01,2023-12-01,"VTAC key dates page, 2024 cycle (Wayback snapshot, page updated 29 January 2024)",https://web.archive.org/web/20240202182425/https://vtac.edu.au/dates
VTAC key dates,VTAC applications open: January (5:15pm),2023-12-01,2023-12-01,"VTAC key dates page, 2024 cycle (Wayback snapshot, page updated 29 January 2024)",https://web.archive.org/web/20240202182425/https://vtac.edu.au/dates
VTAC key dates,VTAC documents due: All rounds (5pm),2023-12-01,2023-12-01,"VTAC key dates page, 2024 cycle (Wayback snapshot, page updated 29 January 2024)",https://web.archive.org/web/20240202182425/https://vtac.edu.au/dates
VTAC key dates,VTAC documents due: Jan & Feb rounds (5pm),2023-12-01,2023-12-01,"VTAC key dates page, 2024 cycle (Wayback snapshot, page updated 29 January 2024)",https://web.archive.org/web/20240202182425/https://vtac.edu.au/dates
VTAC key dates,VTAC preferences close: Jan round 1 (4pm),2023-12-05,2023-12-05,"VTAC key dates page, 2024 cycle (Wayback snapshot, page updated 29 January 2024)",https://web.archive.org/web/20240202182425/https://vtac.edu.au/dates
VTAC key dates,VTAC ATARs released: VCE (7am),2023-12-11,2023-12-11,"VTAC key dates page, 2024 cycle (Wayback snapshot, page updated 29 January 2024)",https://web.archive.org/web/20240202182425/https://vtac.edu.au/dates
VTAC key dates,VTAC preferences close: Dec round (4pm),2023-12-13,2023-12-13,"VTAC key dates page, 2024 cycle (Wayback snapshot, page updated 29 January 2024)",https://web.archive.org/web/20240202182425/https://vtac.edu.au/dates
VTAC key dates,VTAC ATAR statements: VCE,2023-12-15,2023-12-15,"VTAC key dates page, 2024 cycle (Wayback snapshot, page updated 29 January 2024)",https://web.archive.org/web/20240202182425/https://vtac.edu.au/dates
VTAC key dates,VTAC offers: Dec round (2pm),2023-12-21,2023-12-21,"VTAC key dates page, 2024 cycle (Wayback snapshot, page updated 29 January 2024)",https://web.archive.org/web/20240202182425/https://vtac.edu.au/dates
VTAC key dates,VTAC preferences close: Jan round 1 (4pm),2023-12-22,2023-12-22,"VTAC key dates page, 2024 cycle (Wayback snapshot, page updated 29 January 2024)",https://web.archive.org/web/20240202182425/https://vtac.edu.au/dates
VTAC key dates,VTAC ATARs released: IB (9am),2024-01-04,2024-01-04,"VTAC key dates page, 2024 cycle (Wayback snapshot, page updated 29 January 2024)",https://web.archive.org/web/20240202182425/https://vtac.edu.au/dates
VTAC key dates,VTAC offers: Jan round 1 (2pm),2024-01-12,2024-01-12,"VTAC key dates page, 2024 cycle (Wayback snapshot, page updated 29 January 2024)",https://web.archive.org/web/20240202182425/https://vtac.edu.au/dates
VTAC key dates,VTAC applications close: January (5pm),2024-01-16,2024-01-16,"VTAC key dates page, 2024 cycle (Wayback snapshot, page updated 29 January 2024)",https://web.archive.org/web/20240202182425/https://vtac.edu.au/dates
VTAC key dates,VTAC preferences close: Jan round 2 (4pm),2024-01-18,2024-01-18,"VTAC key dates page, 2024 cycle (Wayback snapshot, page updated 29 January 2024)",https://web.archive.org/web/20240202182425/https://vtac.edu.au/dates
VTAC key dates,VTAC offers: Jan round 2 (2pm),2024-01-30,2024-01-30,"VTAC key dates page, 2024 cycle (Wayback snapshot, page updated 29 January 2024)",https://web.archive.org/web/20240202182425/https://vtac.edu.au/dates
VTAC key dates,VTAC preferences close: Feb round 1 (4pm),2024-01-31,2024-01-31,"VTAC key dates page, 2024 cycle (Wayback snapshot, page updated 29 January 2024)",https://web.archive.org/web/20240202182425/https://vtac.edu.au/dates
VTAC key dates,VTAC offers: Feb round 1 (2pm),2024-02-06,2024-02-06,"VTAC key dates page, 2024 cycle (Wayback snapshot, page updated 29 January 2024)",https://web.archive.org/web/20240202182425/https://vtac.edu.au/dates
VTAC key dates,VTAC preferences close: Feb round 2 (4pm),2024-02-08,2024-02-08,"VTAC key dates page, 2024 cycle (Wayback snapshot, page updated 29 January 2024)",https://web.archive.org/web/20240202182425/https://vtac.edu.au/dates
VTAC key dates,VTAC offers: Feb round 2 (2pm),2024-02-13,2024-02-13,"VTAC key dates page, 2024 cycle (Wayback snapshot, page updated 29 January 2024)",https://web.archive.org/web/20240202182425/https://vtac.edu.au/dates
VTAC key dates,VTAC preferences close: Feb round 3 (4pm),2024-02-14,2024-02-14,"VTAC key dates page, 2024 cycle (Wayback snapshot, page updated 29 January 2024)",https://web.archive.org/web/20240202182425/https://vtac.edu.au/dates
VTAC key dates,VTAC offers: Feb round 3 (2pm),2024-02-20,2024-02-20,"VTAC key dates page, 2024 cycle (Wayback snapshot, page updated 29 January 2024)",https://web.archive.org/web/20240202182425/https://vtac.edu.au/dates
VTAC key dates,VTAC mid-year applications open (9am),2024-04-08,2024-04-08,"VTAC key dates page, mid-year 2024 cycle (Wayback snapshot, page updated 27 March 2024)",https://web.archive.org/web/20240502185340/https://vtac.edu.au/dates.html
VTAC key dates,VTAC mid-year equity & scholarships open (9am),2024-04-08,2024-04-08,"VTAC key dates page, mid-year 2024 cycle (Wayback snapshot, page updated 27 March 2024)",https://web.archive.org/web/20240502185340/https://vtac.edu.au/dates.html
VTAC key dates,VTAC documents due: Jun round 1 & Jul round 1 (5pm),2024-06-07,2024-06-07,"VTAC key dates page, mid-year 2024 cycle (Wayback snapshot, page updated 27 March 2024)",https://web.archive.org/web/20240502185340/https://vtac.edu.au/dates.html
VTAC key dates,VTAC mid-year applications close (5pm),2024-06-07,2024-06-07,"VTAC key dates page, mid-year 2024 cycle (Wayback snapshot, page updated 27 March 2024)",https://web.archive.org/web/20240502185340/https://vtac.edu.au/dates.html
VTAC key dates,VTAC mid-year equity & scholarships close (5pm),2024-06-07,2024-06-07,"VTAC key dates page, mid-year 2024 cycle (Wayback snapshot, page updated 27 March 2024)",https://web.archive.org/web/20240502185340/https://vtac.edu.au/dates.html
VTAC key dates,VTAC preferences close: Jun round 1 (4pm),2024-06-13,2024-06-13,"VTAC key dates page, mid-year 2024 cycle (Wayback snapshot, page updated 27 March 2024)",https://web.archive.org/web/20240502185340/https://vtac.edu.au/dates.html
VTAC key dates,VTAC offers: Jun round 1 (2pm),2024-06-25,2024-06-25,"VTAC key dates page, mid-year 2024 cycle (Wayback snapshot, page updated 27 March 2024)",https://web.archive.org/web/20240502185340/https://vtac.edu.au/dates.html
VTAC key dates,VTAC preferences close: Jul round 1 (4pm),2024-06-26,2024-06-26,"VTAC key dates page, mid-year 2024 cycle (Wayback snapshot, page updated 27 March 2024)",https://web.archive.org/web/20240502185340/https://vtac.edu.au/dates.html
VTAC key dates,VTAC offers: Jul round 1 (2pm),2024-07-10,2024-07-10,"VTAC key dates page, mid-year 2024 cycle (Wayback snapshot, page updated 27 March 2024)",https://web.archive.org/web/20240502185340/https://vtac.edu.au/dates.html
VTAC key dates,VTAC preferences close: Jul round 2 (10am),2024-07-11,2024-07-11,"VTAC key dates page, mid-year 2024 cycle (Wayback snapshot, page updated 27 March 2024)",https://web.archive.org/web/20240502185340/https://vtac.edu.au/dates.html
VTAC key dates,VTAC offers: Jul round 2 (2pm),2024-07-16,2024-07-16,"VTAC key dates page, mid-year 2024 cycle (Wayback snapshot, page updated 27 March 2024)",https://web.archive.org/web/20240502185340/https://vtac.edu.au/dates.html
VTAC key dates,VTAC applications open (9am),2024-07-29,2024-07-29,"VTAC key dates page, 2025 cycle (Wayback snapshot, page updated 07 February 2025)",https://web.archive.org/web/20250219123016/https://vtac.edu.au/dates.html
VTAC key dates,VTAC equity & scholarships open (9am),2024-07-29,2024-07-29,"VTAC key dates page, 2025 cycle (Wayback snapshot, page updated 07 February 2025)",https://web.archive.org/web/20250219123016/https://vtac.edu.au/dates.html
VTAC key dates,VTAC applications close: Timely (5pm),2024-09-30,2024-09-30,"VTAC key dates page, 2025 cycle (Wayback snapshot, page updated 07 February 2025)",https://web.archive.org/web/20250219123016/https://vtac.edu.au/dates.html
VTAC key dates,VTAC documents due: Nov round (5pm),2024-09-30,2024-09-30,"VTAC key dates page, 2025 cycle (Wayback snapshot, page updated 07 February 2025)",https://web.archive.org/web/20250219123016/https://vtac.edu.au/dates.html
VTAC key dates,VTAC equity & scholarships close (5pm),2024-10-11,2024-10-11,"VTAC key dates page, 2025 cycle (Wayback snapshot, page updated 07 February 2025)",https://web.archive.org/web/20250219123016/https://vtac.edu.au/dates.html
VTAC key dates,VTAC preferences close: Nov round (4pm),2024-10-30,2024-10-30,"VTAC key dates page, 2025 cycle (Wayback snapshot, page updated 07 February 2025)",https://web.archive.org/web/20250219123016/https://vtac.edu.au/dates.html
VTAC key dates,VTAC applications close: Late (5pm),2024-11-01,2024-11-01,"VTAC key dates page, 2025 cycle (Wayback snapshot, page updated 07 February 2025)",https://web.archive.org/web/20250219123016/https://vtac.edu.au/dates.html
VTAC key dates,VTAC offers: Nov round (2pm),2024-11-15,2024-11-15,"VTAC key dates page, 2025 cycle (Wayback snapshot, page updated 07 February 2025)",https://web.archive.org/web/20250219123016/https://vtac.edu.au/dates.html
VTAC key dates,VTAC applications close: Very late (5pm),2024-12-06,2024-12-06,"VTAC key dates page, 2025 cycle (Wayback snapshot, page updated 07 February 2025)",https://web.archive.org/web/20250219123016/https://vtac.edu.au/dates.html
VTAC key dates,VTAC applications open: January (5:15pm),2024-12-06,2024-12-06,"VTAC key dates page, 2025 cycle (Wayback snapshot, page updated 07 February 2025)",https://web.archive.org/web/20250219123016/https://vtac.edu.au/dates.html
VTAC key dates,VTAC documents due: All rounds (5pm),2024-12-06,2024-12-06,"VTAC key dates page, 2025 cycle (Wayback snapshot, page updated 07 February 2025)",https://web.archive.org/web/20250219123016/https://vtac.edu.au/dates.html
VTAC key dates,VTAC documents due: Feb rounds (5pm),2024-12-06,2024-12-06,"VTAC key dates page, 2025 cycle (Wayback snapshot, page updated 07 February 2025)",https://web.archive.org/web/20250219123016/https://vtac.edu.au/dates.html
VTAC key dates,VTAC preferences close: Jan round 1 (4pm),2024-12-09,2024-12-09,"VTAC key dates page, 2025 cycle (Wayback snapshot, page updated 07 February 2025)",https://web.archive.org/web/20250219123016/https://vtac.edu.au/dates.html
VTAC key dates,VTAC ATARs released: VCE (7am),2024-12-12,2024-12-12,"VTAC key dates page, 2025 cycle (Wayback snapshot, page updated 07 February 2025)",https://web.archive.org/web/20250219123016/https://vtac.edu.au/dates.html
VTAC key dates,VTAC preferences close: Dec round (12pm),2024-12-14,2024-12-14,"VTAC key dates page, 2025 cycle (Wayback snapshot, page updated 07 February 2025)",https://web.archive.org/web/20250219123016/https://vtac.edu.au/dates.html
VTAC key dates,VTAC ATARs released: IB (9am),2024-12-18,2024-12-18,"VTAC key dates page, 2025 cycle (Wayback snapshot, page updated 07 February 2025)",https://web.archive.org/web/20250219123016/https://vtac.edu.au/dates.html
VTAC key dates,VTAC offers: Dec round (10am),2024-12-23,2024-12-23,"VTAC key dates page, 2025 cycle (Wayback snapshot, page updated 07 February 2025)",https://web.archive.org/web/20250219123016/https://vtac.edu.au/dates.html
VTAC key dates,VTAC preferences close: Jan round 1 (4pm),2024-12-24,2024-12-24,"VTAC key dates page, 2025 cycle (Wayback snapshot, page updated 07 February 2025)",https://web.archive.org/web/20250219123016/https://vtac.edu.au/dates.html
VTAC key dates,VTAC offers: Jan round 1 (2pm),2025-01-10,2025-01-10,"VTAC key dates page, 2025 cycle (Wayback snapshot, page updated 07 February 2025)",https://web.archive.org/web/20250219123016/https://vtac.edu.au/dates.html
VTAC key dates,VTAC applications close: January (5pm),2025-01-14,2025-01-14,"VTAC key dates page, 2025 cycle (Wayback snapshot, page updated 07 February 2025)",https://web.archive.org/web/20250219123016/https://vtac.edu.au/dates.html
VTAC key dates,VTAC preferences close: Jan round 2 (4pm),2025-01-16,2025-01-16,"VTAC key dates page, 2025 cycle (Wayback snapshot, page updated 07 February 2025)",https://web.archive.org/web/20250219123016/https://vtac.edu.au/dates.html
VTAC key dates,VTAC offers: Jan round 2 (2pm),2025-01-28,2025-01-28,"VTAC key dates page, 2025 cycle (Wayback snapshot, page updated 07 February 2025)",https://web.archive.org/web/20250219123016/https://vtac.edu.au/dates.html
VTAC key dates,VTAC preferences close: Feb round 1 (4pm),2025-01-29,2025-01-29,"VTAC key dates page, 2025 cycle (Wayback snapshot, page updated 07 February 2025)",https://web.archive.org/web/20250219123016/https://vtac.edu.au/dates.html
VTAC key dates,VTAC offers: Feb round 1 (2pm),2025-02-04,2025-02-04,"VTAC key dates page, 2025 cycle (Wayback snapshot, page updated 07 February 2025)",https://web.archive.org/web/20250219123016/https://vtac.edu.au/dates.html
VTAC key dates,VTAC preferences close: Feb round 2 (4pm),2025-02-06,2025-02-06,"VTAC key dates page, 2025 cycle (Wayback snapshot, page updated 07 February 2025)",https://web.archive.org/web/20250219123016/https://vtac.edu.au/dates.html
VTAC key dates,VTAC offers: Feb round 2 (2pm),2025-02-11,2025-02-11,"VTAC key dates page, 2025 cycle (Wayback snapshot, page updated 07 February 2025)",https://web.archive.org/web/20250219123016/https://vtac.edu.au/dates.html
VTAC key dates,VTAC preferences close: Feb round 3 (4pm),2025-02-12,2025-02-12,"VTAC key dates page, 2025 cycle (Wayback snapshot, page updated 07 February 2025)",https://web.archive.org/web/20250219123016/https://vtac.edu.au/dates.html
VTAC key dates,VTAC offers: Feb round 3 (2pm),2025-02-18,2025-02-18,"VTAC key dates page, 2025 cycle (Wayback snapshot, page updated 07 February 2025)",https://web.archive.org/web/20250219123016/https://vtac.edu.au/dates.html
VTAC key dates,VTAC mid-year applications open (10am),2025-04-11,2025-04-11,"VTAC key dates page, mid-year 2025 cycle (Wayback snapshot, page updated 03 June 2025)",https://web.archive.org/web/20250609081053/https://vtac.edu.au/dates
VTAC key dates,VTAC mid-year equity & scholarships open (10am),2025-04-11,2025-04-11,"VTAC key dates page, mid-year 2025 cycle (Wayback snapshot, page updated 03 June 2025)",https://web.archive.org/web/20250609081053/https://vtac.edu.au/dates
VTAC key dates,VTAC documents due: Jun round 1 & Jul round 1 (9:30am),2025-06-10,2025-06-10,"VTAC key dates page, mid-year 2025 cycle (Wayback snapshot, page updated 03 June 2025)",https://web.archive.org/web/20250609081053/https://vtac.edu.au/dates
VTAC key dates,VTAC mid-year applications close (9:30am),2025-06-10,2025-06-10,"VTAC key dates page, mid-year 2025 cycle (Wayback snapshot, page updated 03 June 2025)",https://web.archive.org/web/20250609081053/https://vtac.edu.au/dates
VTAC key dates,VTAC mid-year equity & scholarships close (9:30am),2025-06-10,2025-06-10,"VTAC key dates page, mid-year 2025 cycle (Wayback snapshot, page updated 03 June 2025)",https://web.archive.org/web/20250609081053/https://vtac.edu.au/dates
VTAC key dates,VTAC preferences close: Jun round 1 (9:30am),2025-06-10,2025-06-10,"VTAC key dates page, mid-year 2025 cycle (Wayback snapshot, page updated 03 June 2025)",https://web.archive.org/web/20250609081053/https://vtac.edu.au/dates
VTAC key dates,VTAC offers: Jun round 1 (2pm),2025-06-24,2025-06-24,"VTAC key dates page, mid-year 2025 cycle (Wayback snapshot, page updated 03 June 2025)",https://web.archive.org/web/20250609081053/https://vtac.edu.au/dates
VTAC key dates,VTAC preferences close: Jul round 1 (2pm),2025-06-26,2025-06-26,"VTAC key dates page, mid-year 2025 cycle (Wayback snapshot, page updated 03 June 2025)",https://web.archive.org/web/20250609081053/https://vtac.edu.au/dates
VTAC key dates,VTAC offers: Jul round 1 (2pm),2025-07-03,2025-07-03,"VTAC key dates page, mid-year 2025 cycle (Wayback snapshot, page updated 03 June 2025)",https://web.archive.org/web/20250609081053/https://vtac.edu.au/dates
VTAC key dates,VTAC preferences close: Jul round 2 (10am),2025-07-04,2025-07-04,"VTAC key dates page, mid-year 2025 cycle (Wayback snapshot, page updated 03 June 2025)",https://web.archive.org/web/20250609081053/https://vtac.edu.au/dates
VTAC key dates,VTAC offers: Jul round 2 (2pm),2025-07-11,2025-07-11,"VTAC key dates page, mid-year 2025 cycle (Wayback snapshot, page updated 03 June 2025)",https://web.archive.org/web/20250609081053/https://vtac.edu.au/dates
VTAC key dates,VTAC preferences close: Jul round 3 (10am),2025-07-14,2025-07-14,"VTAC key dates page, mid-year 2025 cycle (Wayback snapshot, page updated 03 June 2025)",https://web.archive.org/web/20250609081053/https://vtac.edu.au/dates
VTAC key dates,VTAC offers: Jul round 3 (2pm),2025-07-22,2025-07-22,"VTAC key dates page, mid-year 2025 cycle (Wayback snapshot, page updated 03 June 2025)",https://web.archive.org/web/20250609081053/https://vtac.edu.au/dates
VTAC key dates,VTAC applications open,2025-08-04,2025-08-04,"VTAC key dates page, 2026 cycle (Wayback snapshot, page updated 23 January 2026)",https://web.archive.org/web/20260217022026/https://vtac.edu.au/dates
VTAC key dates,VTAC equity & scholarships open,2025-08-04,2025-08-04,"VTAC key dates page, 2026 cycle (Wayback snapshot, page updated 23 January 2026)",https://web.archive.org/web/20260217022026/https://vtac.edu.au/dates
VTAC key dates,VTAC applications close: Timely (5pm),2025-10-01,2025-10-01,"VTAC key dates page, 2026 cycle (Wayback snapshot, page updated 23 January 2026)",https://web.archive.org/web/20260217022026/https://vtac.edu.au/dates
VTAC key dates,VTAC documents due: Nov round (5pm),2025-10-01,2025-10-01,"VTAC key dates page, 2026 cycle (Wayback snapshot, page updated 23 January 2026)",https://web.archive.org/web/20260217022026/https://vtac.edu.au/dates
VTAC key dates,VTAC equity & scholarships close (5pm),2025-10-13,2025-10-13,"VTAC key dates page, 2026 cycle (Wayback snapshot, page updated 23 January 2026)",https://web.archive.org/web/20260217022026/https://vtac.edu.au/dates
VTAC key dates,VTAC preferences close: Nov round (2pm),2025-10-27,2025-10-27,"VTAC key dates page, 2026 cycle (Wayback snapshot, page updated 23 January 2026)",https://web.archive.org/web/20260217022026/https://vtac.edu.au/dates
VTAC key dates,VTAC applications close: Late (5pm),2025-10-31,2025-10-31,"VTAC key dates page, 2026 cycle (Wayback snapshot, page updated 23 January 2026)",https://web.archive.org/web/20260217022026/https://vtac.edu.au/dates
VTAC key dates,VTAC offers: Nov round (2pm),2025-11-18,2025-11-18,"VTAC key dates page, 2026 cycle (Wayback snapshot, page updated 23 January 2026)",https://web.archive.org/web/20260217022026/https://vtac.edu.au/dates
VTAC key dates,VTAC applications close: Very late (5pm),2025-12-05,2025-12-05,"VTAC key dates page, 2026 cycle (Wayback snapshot, page updated 23 January 2026)",https://web.archive.org/web/20260217022026/https://vtac.edu.au/dates
VTAC key dates,VTAC applications open: January (6pm),2025-12-05,2025-12-05,"VTAC key dates page, 2026 cycle (Wayback snapshot, page updated 23 January 2026)",https://web.archive.org/web/20260217022026/https://vtac.edu.au/dates
VTAC key dates,VTAC documents due: Dec round & Jan round 1 (5pm),2025-12-05,2025-12-05,"VTAC key dates page, 2026 cycle (Wayback snapshot, page updated 23 January 2026)",https://web.archive.org/web/20260217022026/https://vtac.edu.au/dates
VTAC key dates,VTAC preferences close: Jan round 1 (2pm),2025-12-08,2025-12-08,"VTAC key dates page, 2026 cycle (Wayback snapshot, page updated 23 January 2026)",https://web.archive.org/web/20260217022026/https://vtac.edu.au/dates
VTAC key dates,VTAC ATARs released: VCE (7am),2025-12-11,2025-12-11,"VTAC key dates page, 2026 cycle (Wayback snapshot, page updated 23 January 2026)",https://web.archive.org/web/20260217022026/https://vtac.edu.au/dates
VTAC key dates,VTAC preferences close: Dec round (12pm),2025-12-13,2025-12-13,"VTAC key dates page, 2026 cycle (Wayback snapshot, page updated 23 January 2026)",https://web.archive.org/web/20260217022026/https://vtac.edu.au/dates
VTAC key dates,VTAC ATAR statements: VCE (9am),2025-12-16,2025-12-16,"VTAC key dates page, 2026 cycle (Wayback snapshot, page updated 23 January 2026)",https://web.archive.org/web/20260217022026/https://vtac.edu.au/dates
VTAC key dates,VTAC ATARs released: IB (9am),2025-12-18,2025-12-18,"VTAC key dates page, 2026 cycle (Wayback snapshot, page updated 23 January 2026)",https://web.archive.org/web/20260217022026/https://vtac.edu.au/dates
VTAC key dates,VTAC ATAR statements: IB (9am),2025-12-19,2025-12-19,"VTAC key dates page, 2026 cycle (Wayback snapshot, page updated 23 January 2026)",https://web.archive.org/web/20260217022026/https://vtac.edu.au/dates
VTAC key dates,VTAC offers: Dec round (2pm),2025-12-23,2025-12-23,"VTAC key dates page, 2026 cycle (Wayback snapshot, page updated 23 January 2026)",https://web.archive.org/web/20260217022026/https://vtac.edu.au/dates
VTAC key dates,VTAC preferences close: Jan round 1 (8pm),2025-12-23,2025-12-23,"VTAC key dates page, 2026 cycle (Wayback snapshot, page updated 23 January 2026)",https://web.archive.org/web/20260217022026/https://vtac.edu.au/dates
VTAC key dates,VTAC documents due: Jan round 2 (5pm),2026-01-05,2026-01-05,"VTAC key dates page, 2026 cycle (Wayback snapshot, page updated 23 January 2026)",https://web.archive.org/web/20260217022026/https://vtac.edu.au/dates
VTAC key dates,VTAC applications close: January (5pm),2026-01-13,2026-01-13,"VTAC key dates page, 2026 cycle (Wayback snapshot, page updated 23 January 2026)",https://web.archive.org/web/20260217022026/https://vtac.edu.au/dates
VTAC key dates,VTAC offers: Jan round 1 (2pm),2026-01-13,2026-01-13,"VTAC key dates page, 2026 cycle (Wayback snapshot, page updated 23 January 2026)",https://web.archive.org/web/20260217022026/https://vtac.edu.au/dates
VTAC key dates,VTAC preferences close: Jan round 2 (2pm),2026-01-14,2026-01-14,"VTAC key dates page, 2026 cycle (Wayback snapshot, page updated 23 January 2026)",https://web.archive.org/web/20260217022026/https://vtac.edu.au/dates
VTAC key dates,VTAC documents due: Feb rounds (5pm),2026-01-15,2026-01-15,"VTAC key dates page, 2026 cycle (Wayback snapshot, page updated 23 January 2026)",https://web.archive.org/web/20260217022026/https://vtac.edu.au/dates
VTAC key dates,VTAC offers: Jan round 2 (2pm),2026-01-27,2026-01-27,"VTAC key dates page, 2026 cycle (Wayback snapshot, page updated 23 January 2026)",https://web.archive.org/web/20260217022026/https://vtac.edu.au/dates
VTAC key dates,VTAC preferences close: Feb round 1 (2pm),2026-01-28,2026-01-28,"VTAC key dates page, 2026 cycle (Wayback snapshot, page updated 23 January 2026)",https://web.archive.org/web/20260217022026/https://vtac.edu.au/dates
VTAC key dates,VTAC offers: Feb round 1 (2pm),2026-02-03,2026-02-03,"VTAC key dates page, 2026 cycle (Wayback snapshot, page updated 23 January 2026)",https://web.archive.org/web/20260217022026/https://vtac.edu.au/dates
VTAC key dates,VTAC preferences close: Feb round 2 (2pm),2026-02-04,2026-02-04,"VTAC key dates page, 2026 cycle (Wayback snapshot, page updated 23 January 2026)",https://web.archive.org/web/20260217022026/https://vtac.edu.au/dates
VTAC key dates,VTAC offers: Feb round 2 (2pm),2026-02-10,2026-02-10,"VTAC key dates page, 2026 cycle (Wayback snapshot, page updated 23 January 2026)",https://web.archive.org/web/20260217022026/https://vtac.edu.au/dates
VTAC key dates,VTAC preferences close: Feb round 3 (2pm),2026-02-11,2026-02-11,"VTAC key dates page, 2026 cycle (Wayback snapshot, page updated 23 January 2026)",https://web.archive.org/web/20260217022026/https://vtac.edu.au/dates
VTAC key dates,VTAC offers: Feb round 3 (2pm),2026-02-17,2026-02-17,"VTAC key dates page, 2026 cycle (Wayback snapshot, page updated 23 January 2026)",https://web.archive.org/web/20260217022026/https://vtac.edu.au/dates
VTAC key dates,VTAC mid-year applications open (12pm),2026-04-08,2026-04-08,"VTAC key dates page, mid-year 2026 cycle (Wayback snapshot, page updated 24 June 2026)",https://web.archive.org/web/20260716102006/https://vtac.edu.au/dates
VTAC key dates,VTAC mid-year equity & scholarships open (12pm),2026-04-08,2026-04-08,"VTAC key dates page, mid-year 2026 cycle (Wayback snapshot, page updated 24 June 2026)",https://web.archive.org/web/20260716102006/https://vtac.edu.au/dates
VTAC key dates,VTAC documents due: Jun round 1 & Jul round 1 (5pm),2026-06-05,2026-06-05,"VTAC key dates page, mid-year 2026 cycle (Wayback snapshot, page updated 24 June 2026)",https://web.archive.org/web/20260716102006/https://vtac.edu.au/dates
VTAC key dates,VTAC mid-year applications close (5pm),2026-06-05,2026-06-05,"VTAC key dates page, mid-year 2026 cycle (Wayback snapshot, page updated 24 June 2026)",https://web.archive.org/web/20260716102006/https://vtac.edu.au/dates
VTAC key dates,VTAC mid-year equity & scholarships close (5pm),2026-06-05,2026-06-05,"VTAC key dates page, mid-year 2026 cycle (Wayback snapshot, page updated 24 June 2026)",https://web.archive.org/web/20260716102006/https://vtac.edu.au/dates
VTAC key dates,VTAC preferences close: Jun round 1 (5pm),2026-06-05,2026-06-05,"VTAC key dates page, mid-year 2026 cycle (Wayback snapshot, page updated 24 June 2026)",https://web.archive.org/web/20260716102006/https://vtac.edu.au/dates
VTAC key dates,VTAC offers: Jun round 1 (2pm),2026-06-23,2026-06-23,"VTAC key dates page, mid-year 2026 cycle (Wayback snapshot, page updated 24 June 2026)",https://web.archive.org/web/20260716102006/https://vtac.edu.au/dates
VTAC key dates,VTAC preferences close: Jul round 1 (2pm),2026-06-24,2026-06-24,"VTAC key dates page, mid-year 2026 cycle (Wayback snapshot, page updated 24 June 2026)",https://web.archive.org/web/20260716102006/https://vtac.edu.au/dates
VTAC key dates,VTAC offers: Jul round 1 (2pm),2026-07-03,2026-07-03,"VTAC key dates page, mid-year 2026 cycle (Wayback snapshot, page updated 24 June 2026)",https://web.archive.org/web/20260716102006/https://vtac.edu.au/dates
VTAC key dates,VTAC preferences close: Jul round 2 (2pm),2026-07-06,2026-07-06,"VTAC key dates page, mid-year 2026 cycle (Wayback snapshot, page updated 24 June 2026)",https://web.archive.org/web/20260716102006/https://vtac.edu.au/dates
VTAC key dates,VTAC offers: Jul round 2 (9:30am),2026-07-14,2026-07-14,"VTAC key dates page, mid-year 2026 cycle (Wayback snapshot, page updated 24 June 2026)",https://web.archive.org/web/20260716102006/https://vtac.edu.au/dates
VTAC key dates,VTAC preferences close: Jul round 3 (12pm),2026-07-14,2026-07-14,"VTAC key dates page, mid-year 2026 cycle (Wayback snapshot, page updated 24 June 2026)",https://web.archive.org/web/20260716102006/https://vtac.edu.au/dates
VTAC key dates,VTAC offers: Jul round 3 (2pm),2026-07-16,2026-07-16,"VTAC key dates page, mid-year 2026 cycle (Wayback snapshot, page updated 24 June 2026)",https://web.archive.org/web/20260716102006/https://vtac.edu.au/dates
VTAC key dates,VTAC applications open (9am),2026-08-03,2026-08-03,"VTAC key dates page, 2027 cycle (Wayback snapshot, page updated 21 September 2026)",https://web.archive.org/web/20260929022704/https://vtac.edu.au/dates
VTAC key dates,VTAC equity & scholarships open (9am),2026-08-03,2026-08-03,"VTAC key dates page, 2027 cycle (Wayback snapshot, page updated 21 September 2026)",https://web.archive.org/web/20260929022704/https://vtac.edu.au/dates
VTAC key dates,VTAC applications close: Timely (5pm),2026-09-28,2026-09-28,"VTAC key dates page, 2027 cycle (Wayback snapshot, page updated 21 September 2026)",https://web.archive.org/web/20260929022704/https://vtac.edu.au/dates
VTAC key dates,VTAC documents due: Nov round (5pm),2026-09-28,2026-09-28,"VTAC key dates page, 2027 cycle (Wayback snapshot, page updated 21 September 2026)",https://web.archive.org/web/20260929022704/https://vtac.edu.au/dates
